CUI,DEF
C0035298,"The ten-layered nervous tissue membrane of the eye. It is continuous with the OPTIC NERVE and receives images of external objects and transmits visual impulses to the brain. Its outer surface is in contact with the CHOROID and the inner surface with the VITREOUS BODY. The outer-most layer is pigmented, whereas the inner nine layers are transparent."
C0035298,A light-sensitive membrane that lines the back wall of the eyeball. The retina is continuous with the optic nerve and this way transmits optical images to the brain.
C0035298,"Of, relating to, or involving the retina."
C0450295,"A yellowish, highly pigmented, oval shaped area slightly lateral to the center of the retina of the eye which contains the fovea centralis and is mostly comprised of retinal cones, for high-acuity vision, and which if damaged will result in the partial/complete loss of central vision."
C0450295,"An oval area in the retina, 3 to 5 mm in diameter, usually located temporal to the posterior pole of the eye and slightly below the level of the optic disk. It is characterized by the presence of a yellow pigment diffusely permeating the inner layers, contains the fovea centralis in its center, and provides the best phototropic visual acuity. It is devoid of retinal blood vessels, except in its periphery, and receives nourishment from the choriocapillaris of the choroid. (From Cline et al., Dictionary of Visual Science, 4th ed)"
C0029127,The portion of the optic nerve seen in the fundus with the ophthalmoscope. It is formed by the meeting of all the retinal ganglion cell axons as they enter the optic nerve.
C0029127,A portion of the retina at which the axons of the ganglion cells exit the eyeball to form the optic nerve. No light-sensitive photoreceptors are contained within this portion of the retina.
C0035327,A vein that drains the retina of the eye.
C0035327,Central retinal vein and its tributaries. It runs a short course within the optic nerve and then leaves and empties into the superior ophthalmic vein or cavernous sinus.
C0008520,"The thin, highly vascular membrane covering most of the posterior of the eye between the RETINA and SCLERA."
C0008520,A blood vessel-containing membrane of the eye that lies between the retina and the sclera.
C0011884,"Disease of the RETINA as a complication of DIABETES MELLITUS. It is characterized by the progressive microvascular complications, such as ANEURYSM, interretinal EDEMA, and intraocular PATHOLOGIC NEOVASCULARIZATION."
C0011884,"A chronic, pathological complication associated with diabetes mellitus, where retinal damages are incurred due to microaneurysms in the vasculature of the retina, progressively leading to abnormal blood vessel growth, and swelling and leaking of fluid from blood vessels, resulting in vision loss or blindness."
C0242383,"A condition in which parts of the eye cells degenerate, resulting in blurred vision and ultimately blindness"
C0242383,"Age-related loss of vision in the central portion of the retina (macula), secondary to retinal degeneration."
C0730328,A self-resolving eye condition characterized by fluid accumulation under the macula in the retina. It results from leakage of fluid from the choroid. It usually affects one eye only and the vast majority of patients regain full vision.
C0730328,A visual impairment characterized by the accumulation of fluid under the retina through a defect in the retinal pigment epithelium.
C0035328,Blockage of the RETINAL VEIN. Those at high risk for this condition include patients with HYPERTENSION; DIABETES MELLITUS; ATHEROSCLEROSIS; and other CARDIOVASCULAR DISEASES.
C0035328,An occlusion of the retinal vein.
C0154832,"A group of rare, idiopathic, congenital retinal vascular anomalies affecting the retinal capillaries. It is characterized by dilation and tortuosity of retinal vessels and formation of multiple aneurysms, with different degrees of leakage and exudates emanating from the blood vessels."
C0042170,"A syndrome characterized by bilateral granulomatous UVEITIS with IRITIS and secondary GLAUCOMA, premature ALOPECIA, symmetrical VITILIGO, poliosis circumscripta (a strand of depigmented hair), HEARING DISORDERS, and meningeal signs (neck stiffness and headache). Examination of the cerebrospinal fluid reveals a pattern consistent with MENINGITIS, ASEPTIC. (Adams et al., Principles of Neurology, 6th ed, p748; Surv Ophthalmol 1995 Jan;39(4):265-292)"
C0042170,"A systemic inflammatory process affecting the inner ear, eyes, skin, and meninges. It is manifested with hearing disorders, panuveitis, alopecia, poliosis, vitiligo, neck stiffness, headaches, and focal neurologic signs."
C0333101,Aneurysm of the MICROVASCULATURE. Charcot-Bouchard aneurysms are aneurysms of the brain vasculature which is a common cause of CEREBRAL HEMORRHAGE. Retinal microaneurysm is an early diagnostic sign of DIABETIC RETINOPATHY.
C0333101,"An aneurysm that is located within the system of small blood vessels, including capillaries, venules, and arterioles, that perfuse the body's tissues."
C0027686,A pathologic process consisting of the proliferation of blood vessels in abnormal tissues or in abnormal positions.
C0027686,"The formation of new or recent blood vessels. The vasculature network is critical to the development of neoplasms. As the tumor burden grows, vascular endothelial cells are recruited to form new blood vessels as an increased demand for blood and nourishment is required."
C0019080,Bleeding or escape of blood from a vessel.
C0019080,The flow of blood from a ruptured blood vessel.
C0042909,"Blood extravasation in the vitreous humor. Causes include neovascularization, retinal tear, retinal detachment, and rupture of a blood vessel aneurysm in the eye."
C0042909,Hemorrhage into the VITREOUS BODY.
C0035317,Blood extravasation in the retina.
C0035317,Bleeding from the vessels of the retina.
C0487602,"Any of the various methods that use a dye, reagent, or other material for producing coloration in tissues or microorganisms for microscopic examination."
C0487602,"The use of a dye, reagent, or other material for producing coloration or contrast in biological materials for examination or observation."
C0700124,The condition of being dilated or stretched.
C0010038,Disorder occurring in the central or peripheral area of the cornea. The usual degree of transparency becomes relatively opaque.
C0010038,Opacity within the cornea.
C0016315,"Fluorescence is a luminescence (i.e., optical phenomenon) in cold bodies, in which a molecule absorbs a high-energy photon, and re-emits it as a lower-energy (longer-wavelength) photon. The energy difference between the absorbed and emitted photons ends up as molecular vibrations (heat)."
C0016315,"The property of emitting radiation while being irradiated. The radiation emitted is usually of longer wavelength than that incident or absorbed, e.g., a substance can be irradiated with invisible radiation and emit visible light. X-ray fluorescence is used in diagnosis."
C0229090,The eye positioned in the left orbit.
C0229089,The eye positioned in the right orbit.
C4281748,The unintentional discharge of a substance from a container or enclosed space.
C1279941,Cancer that has spread too extensively beyond its original site of growth to allow complete surgical removal.
C0035320,Formation of new blood vessels originating from the retinal veins and extending along the inner (vitreal) surface of the retina.
C0024874,A state in the northeast United States. Its capital is Boston.
C0024874,"State bounded on the north by New Hampshire and Vermont, on the east by the Atlantic Ocean, on the south by Connecticut and Rhode Island, and on the west by New York."
C0205146,The extent of a 2-dimensional surface enclosed within a boundary.
C0015392,The organ of sight or vision.
C0015392,The organ of sight constituting a pair of globular organs made up of a three-layered roughly spherical structure specialized for receiving and responding to light.
C0205161,"Deviating in any way from the state, position, structure, condition, behavior, or rule which is considered a norm."
C1306673,Any distinct time period in a sequence of events.
C0332574,An opaque spot on the cornea (a part of the eye)
C0060520,A phthalic indicator dye that appears yellow-green in normal tear film and bright green in a more alkaline medium such as the aqueous humor.
C0060520,"An organic compound that has wide use as a synthetic coloring agent. It is prepared by heating phthalic anhydride and resorcinol over a zinc catalyst, and it crystallizes as a deep red powder. This agent emits an intense green fluorescence in the presence of alkaline solutions and therefore is used as a label when conjugated to antibodies or as a contrast agent for ophthalmic angiography."
C2362314,Of or relating to time or limited by time.
C0205413,"Irregular or uneven in quality, texture, or distribution."
C0017129,The superior portion of the body of the stomach above the level of the cardiac notch.
C0017129,The portion of the stomach that lies above the cardiac notch. It allows for the accumulation of gases produced by chemical digestion.
C0205251,"A minimum level or position or degree; less than normal in degree, intensity or amount."
C2349975,To improve the quality of something; make better or more attractive.
C0205250,An elevated level or position or degree; greater than normal in degree or intensity or amount.
C0002978,An imaging technique used to visualize the interior of blood vessels.
C0002978,Radiography of blood vessels after injection of a contrast medium.
C0221198,"A localized pathological or traumatic structural change, damage, deformity, or discontinuity of tissue, organ, or body part."
C4329995,"A method to assess enzymatic activity in which a substrate reagent is incubated with a biological specimen and spotted on filter paper. The spots are then examined for fluorescence, which correlates with enzyme activity."
C1522492,The act of forming something or the structure formed.
C0233660,"Difficulty in recollection, or interruption of a train of thought or speech, due to emotional factors."
C0154841,Blockage of the central retinal vein.
C0205330,Having tiny spots or depressions.
C1282910,"In anatomy, indicating higher than a given reference point."
C1282910,Higher in place or position; the topmost one of two.
C1282910,In a place or position that is higher.
C0040223,"The dimension of the physical universe which, at a given place, orders the sequence of events. (McGraw-Hill Dictionary of Scientific and Technical Terms, 6th ed)"
C0040223,The continuum of experience in which events pass from the future through the present to the past.
C2945599,Gentle or temperate in nature or degree.
C5552894,MR imaging done at a time that a contrast agent would provide antegrade enhancement of hepatic veins.
C0332206,Interrupt the normal function of; hinder or prevent the progress or accomplishment of; stop from happening or developing; interfere with or prevent the reception of signals; impede the movement of.
C2986582,Marked or discolored by foreign material.
C0028429,"A part of the upper respiratory tract. It contains the organ of SMELL. The term includes the external nose, the nasal cavity, and the PARANASAL SINUSES."
C0028429,A structure of special sense serving as an organ of the sense of smell and as an entrance to the respiratory tract.
C0028429,In reference to the nose.
C0344232,finding
C0344232,Blurred vision is the loss of visual acuity (sharpness of vision) resulting in a loss of ability to see small details. (from MedlinePlus Medical Encyclopedia)
C1704922,Any record of an imaging event whether physical or electronic.
C0456389,The physical magnitude of something.
C0026764,"A bone marrow-based plasma cell neoplasm characterized by a serum monoclonal protein and skeletal destruction with osteolytic lesions, pathological fractures, bone pain, hypercalcemia, and anemia. Clinical variants include non-secretory myeloma, smoldering myeloma, indolent myeloma, and plasma cell leukemia. (WHO, 2001)"
C0026764,"A malignancy of mature PLASMA CELLS engaging in monoclonal immunoglobulin production. It is characterized by hyperglobulinemia, excess Bence-Jones proteins (free monoclonal IMMUNOGLOBULIN LIGHT CHAINS) in the urine, skeletal destruction, bone pain, and fractures. Other features include ANEMIA; HYPERCALCEMIA; and RENAL INSUFFICIENCY."
C0042449,A blood vessel that carries blood toward the heart.
C0042449,The vessels carrying blood away from the CAPILLARY BEDS.
C0005847,"Any of the tubular vessels conveying the blood (arteries, arterioles, capillaries, venules, and veins)."
C0005847,"A tubular structure through which the blood circulates in the body. Blood vessels constitute a network composed of arteries, arterioles, capillaries, venules, and veins."
C0205271,Lacking perfect symmetry or evenness.
C0016410,"A member of the vitamin B family that stimulates the hematopoietic system. It is present in the liver and kidney and is found in mushrooms, spinach, yeast, green leaves, and grasses (POACEAE). Folic acid is used in the treatment and prevention of folate deficiencies and megaloblastic anemia."
C0016410,"A collective term for pteroylglutamic acids and their oligoglutamic acid conjugates. As a natural water-soluble substance, folic acid is involved in carbon transfer reactions of amino acid metabolism, in addition to purine and pyrimidine synthesis, and is essential for hematopoiesis and red blood cell production. (NCI05)"
C0016410,A cofactor for 1-carbon transfer involved with DNA synthesis.
C0750729,"Passage through time; duration; a systematic or/and orderly succession; a sequence, e.g. course of treatment; a mode of action or behavior; natural development, typical manner of proceeding."
C1533157,"Refers to preserved specimens embedded in support material. These are typically cut into thin slices for microscopic examination, with or without an enhancement such as staining."
C1879660,Summarizes probe sets using the robust average 1-step Tukey biweight algorithm. Defined in the documents available at http://bioconductor.org/packages/1.9/bioc/html/affy.html
C0205219,Widely spread; not localized or confined.
C0439834,Proceeding at a low speed; taking a comparatively long time.
C1704711,The act of distributing or spreading or apportioning.
C0011923,"Any visual display of structural or functional patterns of organs or tissues for diagnostic evaluation. It includes measuring physiologic and metabolic responses to physical and chemical stimuli, as well as ultramicroscopy."
C0011923,Any method that uses a visual display of structural or functional patterns of organs or tissues for diagnostic evaluation.
C4687946,An indication that the increase is widespread.
C1441672,Ascertained or determined through monitoring or observation.
C0006901,The minute vessels that connect arterioles and venules.
C0006901,Tiny blood vessels that connect the arterioles with the venules.
C0035253,Freedom from activity.
C0035253,Freedom from activity.
C4055506,A state characterized by the gradual increase in entities or substances.
C0205379,Perceptible especially by the eye; open to easy view.
C1322279,The act of dilating.
C1322279,The act of expanding an aperture.
C0442805,"A process of becoming larger, more numerous, more important, or more likely."
C0994894,drug delivery method
C0994894,A solid composed of an impermeable occlusive backing and a formulation matrix in which the active and/or inert ingredient(s) are dissolved or dispersed; possibly includes an adhesive layer.
C4054775,"An analytical technique where high performance liquid chromatography with a fluorescence detector is used to separate, identify, and quantify substances in a sample."
C0441994,The bottom one of two.
C0205100,On or near an edge or constituting an outer boundary; the outer area.
C0991509,"A solid composed of active and/or inert ingredient(s) that resembles small, thin chips."
C2936618,Recording serial images of a process at regular intervals spaced out over a longer period of time than the time in which the recordings will be played back.
C0015688,FATTY ACIDS found in the plasma that are complexed with SERUM ALBUMIN for transport. These fatty acids are not in glycerol ester form.
C1522019,"Administration of a drug by the way of the nose. This often results in systemic action of the agent due to absorption through the nasal mucosa. The richly supplied vascular nature of the nasal mucosa coupled with its high drug permeation makes the nasal route of administration attractive for many drugs, including proteins and peptides."
C0392760,To be influenced by or changed.
C1282914,Extending on all sides of simultaneously; encircling.
C1709915,A single unit within a polymer; a recognizable molecular fragment embedded in a larger molecule.
C0035330,The blood vessels which supply and drain the RETINA.
C0392747,The act of alteration or modification; changed or altered in form or character.
C1609982,Remaining or left behind.
C0205276,Of or belonging to a restricted area or locality.
C4727091,Make less clear or visible.
C0936012,"Examination and interpretation; the process of identifying an issue to be understood and addressed, modelling the issue, investigating the model results, interpreting the results, and possibly making a recommendation. The concept also refers to the examination and study of a whole in terms of the parts composing it."
C0205168,"Narrow in width, extent or cross-section."
C0205148,The extended two-dimensional outer boundary of a three-dimensional object.
C2750995,"An autosomal dominant subtype of dilated cardiomyopathy caused by mutation(s) in the RBM20 gene, encoding RNA-binding protein 20."
C1268196,"Any component of the region of the body that includes the arm, the forearm, and hand."
C0009924,a material used to improve the visibility of internal bodily structures in an X ray image.
C0009924,Substances administered during imaging procedures that allows delineation of internal structures. Contrast agents appear opaque due to the difference in absorption of X-rays or other electromagnetic waves and surrounding tissue.
C0009924,Substances used to allow enhanced visualization of tissues.
C1301886,The length of a straight line passing through the center of a circle or sphere and connecting two points on the circumference.
C0687744,Individuals with whom time is shared outside of employment activities.
C0687744,"A collection of two or more people who share a common identity as defined by beliefs, codes of conduct, CULTURE and SOCIAL NORMS."
C0205087,Being or occurring at an advanced period of time or after a usual or expected time.
C0022595,"An autosomal dominantly inherited skin disorder characterized by warty malodorous papules that coalesce into plaques. It is caused by mutations in the ATP2A2 gene encoding SERCA2 protein, one of the SARCOPLASMIC RETICULUM CALCIUM-TRANSPORTING ATPASES. The condition is similar, clinically and histologically, to BENIGN FAMILIAL PEMPHIGUS, another autosomal dominant skin disorder. Both diseases have defective calcium pumps (CALCIUM-TRANSPORTING ATPASES) and unstable desmosomal adhesion junctions (DESMOSOMES) between KERATINOCYTES."
C0022595,"An autosomal dominant inherited chronic skin disorder caused by mutations in the ATP2A2 gene. It is characterized by the development of yellow-brown keratotic skin papules in the neck, ears, forehead, chest, back and groin. It is associated with fragility of the free margins of the nails."
C0229092,"The scleral curvature of the eye comprising the retina, inclusive of the macula and optic disc."
C0577559,"A benign or malignant pathologic structure in any part of the body, resulting from a neoplastic accumulation of cells, inflammatory cells, or cystic changes."
C0205197,To possess every necessary or normal part or component or step; having come or been brought to a conclusion.
C1556138,Any body structure resembling a flat circular plate.
C1631280,"One quarter of a circle. In anatomy, one part of an area divided into quarters for descriptive purposes."
C0205108,"Situated farthest from a point of attachment or origin, as of a limb or bone; or directed away from the midline of the body."
C0016622,"An area approximately 1.5 millimeters in diameter within the macula lutea where the retina thins out greatly because of the oblique shifting of all layers except the pigment epithelium layer. It includes the sloping walls of the fovea (clivus) and contains a few rods in its periphery. In its center (foveola) are the cones most adapted to yield high visual acuity, each cone being connected to only one ganglion cell. (Cline et al., Dictionary of Visual Science, 4th ed)"
C0016622,Area consisting of a small depression in the retina containing only cones and where vision is most acute.
C0449238,The period of time during which something continues.
C0035301,An artery arising from the ophthalmic artery that supplies the retina.
C0035301,"Central retinal artery and its branches. It arises from the ophthalmic artery, pierces the optic nerve and runs through its center, enters the eye through the porus opticus and branches to supply the retina."
C0205390,"A distinguishable part, a stage in a series of events or in a process of development, e.g. any of the varying aspects or stages in course of a disease; a fraction of a cycle."
C1720485,"Very small, round vesicles containing fluid and cellular debris observed on the surface of the cornea under slit-lamp examination in some types of corneal dystrophy and in wearers of extended-wear lenses."
C0542339,In a place or position that is lower.
C0542339,In anatomy indicating lower than a given reference point.
C0302133,"Irregularly shaped, patchy discolorations in the skin."
C0021510,"Pigmented or colored fluid used for writing, staining, painting, drawing, printing, or copying images."
C0457385,unit of time
C0457385,"A unit of time, one of the seven base units of the International System of Units (Systeme International d'Unites, SI). The second is the duration of 919 263 177 0 periods of the specified light radiation corresponding to the transition between the two hyperfine levels of the caesium 133 atom in its ground state at 0 K. According to the convention, 60 seconds constitute one minute; 3,600 seconds constitute one hour."
C0014553,"A seizure disorder usually occurring in childhood characterized by rhythmic electrical brain discharges of generalized onset. Clinical features include a sudden cessation of ongoing activity usually without loss of postural tone. Rhythmic blinking of the eyelids or lip smacking frequently accompanies the SEIZURES. The usual duration is 5-10 seconds, and multiple episodes may occur daily. Juvenile absence epilepsy is characterized by the juvenile onset of absence seizures and an increased incidence of myoclonus and tonic-clonic seizures. (Menkes, Textbook of Child Neurology, 5th ed, p736)"
C0014553,"Epilepsy characterized by very brief episodes of sudden cessation of activity, usually associated with eye blinking. There is no loss of the muscle tone."
C1948029,The act of destroying; demolition or annihilation.
C0196940,Procedures that stimulate nerve elongation over a period of time. They are used in repairing nerve tissue.
C0123471,"An aqueous suspension containing carbon particulates from charcoal powder and paramagnetic oxygen (O2) sensor, that can potentially be used to assess oxygen levels using electron paramagnetic resonance (EPR) oximetry. Upon injection into tissue, the india ink has a particular EPR spectra that is very sensitive to oxygen and on the oxygen levels in tissues, and the line width of the EPR spectrum can be broadened by oxygen. Upon using EPR Oximetry, this spectrum can provide sensitive, repeated, and direct measurements of tissue oxygen and oxygenation status of tumors."
C0009348,Maintenance of blood flow to an organ despite obstruction of a principal vessel. Blood flow is maintained through small vessels.
C0750493,Of a questionable or potentially dangerous nature.
C1704332,A grouping of a number of similar things.
C0003842,The vessels carrying blood away from the heart.
C0003842,A blood vessel that carries blood away from the heart.
C0035305,"Separation of the inner layers of the retina (neural retina) from the pigment epithelium. Retinal detachment occurs more commonly in men than in women, in eyes with degenerative myopia, in aging and in aphakia. It may occur after an uncomplicated cataract extraction, but it is seen more often if vitreous humor has been lost during surgery. (Dorland, 27th ed; Newell, Ophthalmology: Principles and Concepts, 7th ed, p310-12)."
C0035305,"An eye emergency condition which may lead to blindness if left untreated. It is characterized by the separation of the inner retina layers from the underlying pigment epithelium. Causes include trauma, advanced diabetes mellitus, high myopia, and choroid tumors. Symptoms include sudden appearance of floaters, sudden light flushes, and blurred vision."
C0020538,"Persistently high systemic arterial BLOOD PRESSURE. Based on multiple readings (BLOOD PRESSURE DETERMINATION), hypertension is currently defined as when SYSTOLIC PRESSURE is consistently greater than 140 mm Hg or when DIASTOLIC PRESSURE is consistently 90 mm Hg or more."
C0020538,Blood pressure that is abnormally high.
C0004606,"An early stage of diabetic retinopathy that is characterized by retinal hemorrhage and exudate, but without proliferation of the blood vessels."
C0225984,"A vessel that directly interconnects an artery and a vein, and that acts as a shunt to bypass the CAPILLARY BEDS. Not to be confused with SURGICAL ANASTOMOSIS or ARTERIOVENOUS FISTULA."
C0225984,A direct linkage between an artery and a vein.
C0039728,Either of two veins including the inferior and superior thalamostriate veins within the thalamus and striatum.
C0010031,"The transparent anterior portion of the fibrous coat of the eye consisting of five layers: stratified squamous CORNEAL EPITHELIUM; BOWMAN MEMBRANE; CORNEAL STROMA; DESCEMET MEMBRANE; and mesenchymal CORNEAL ENDOTHELIUM. It serves as the first refracting medium of the eye. It is structurally continuous with the SCLERA, avascular, receiving its nourishment by permeation through spaces between the lamellae, and is innervated by the ophthalmic division of the TRIGEMINAL NERVE via the ciliary nerves and those of the surrounding conjunctiva which together form plexuses. (Cline et al., Dictionary of Visual Science, 4th ed)"
C0010031,"A dome-shaped, transparent, avascular tissue covering the front of the eye. It is composed of five layers: squamous epithelium, Bowman's membrane, stroma, Descemet's membrane, and endothelium. Refraction of light contributing to eye's focusing ability is its characteristic function. It contains unmyelinated nerve endings which are responsible for the high sensitivity of the tissue."
C0229985,"One of the criteria for assessment of the effectiveness of given surgical procedure in achieving the local control of a neoplasm and the adequacy of tumor removal. It is defined by the tissue plane through which the dissection has been done and the actual or potential neoplastic tissue which has been left outside the boundary of a resected specimen within the patient. There are four types of surgical margins: intracapsular or intralesional, marginal, wide, and radical."
C0229985,"The edges of tissue removed in a surgery for assessment of the effectiveness of a surgical procedure in achieving the local control of a neoplasm and the adequacy of tumor removal. When the margin is negative or not involved by tumor (e.g., CANCER) it suggests all of the tumor has been removed by the surgery."
C1320640,Degeneration of the peripheral retina.
C0029134,"Inflammation of the optic nerve. Commonly associated conditions include autoimmune disorders such as MULTIPLE SCLEROSIS, infections, and granulomatous diseases. Clinical features include retro-orbital pain that is aggravated by eye movement, loss of color vision, and contrast sensitivity that may progress to severe visual loss, an afferent pupillary defect (Marcus-Gunn pupil), and in some instances optic disc hyperemia and swelling. Inflammation may occur in the portion of the nerve within the globe (neuropapillitis or anterior optic neuritis) or the portion behind the globe (retrobulbar neuritis or posterior optic neuritis)."
C0029134,"A disorder characterized by inflammation of the optic nerve. Causes include autoimmune disorders, infections, toxins, drugs, and multiple sclerosis. It may manifest with acute loss of vision and pain."
C0042905,"The transparent, semigelatinous substance that fills the cavity behind the CRYSTALLINE LENS of the EYE and in front of the RETINA. It is contained in a thin hyaloid membrane and forms about four fifths of the optic globe."
C0042905,"A clear, avascular, gelatinous body that occupies the posterior chamber of the eye. It is bounded by the retina except anteriorly where it lies adjacent to the lens and iris."
C0011849,diabetes mellitus
C0011849,A metabolic disorder characterized by abnormally high blood sugar levels due to diminished production of insulin or insulin resistance/desensitization.
C0011849,A heterogeneous group of disorders characterized by HYPERGLYCEMIA and GLUCOSE INTOLERANCE.
C0007688,Blockage of the central retinal artery.
C0034951,"A defect in the focusing of light on the retina as in astigmatism, myopia, or hyperopia."
C0034951,Deviations from the average or standard indices of refraction of the eye through its dioptric or refractive apparatus.
C0027740,Part of the peripheral nervous system composed of bundles of nerve fibers running to various organs and tissues of the body using chemical and electrical signals to transmit sensory and motor information from one body part to another.
C4551519,Paralysis of the abducens nerve.
C0011881,"KIDNEY injuries associated with diabetes mellitus and affecting KIDNEY GLOMERULUS; ARTERIOLES; KIDNEY TUBULES; and the interstitium. Clinical signs include persistent PROTEINURIA, from microalbuminuria progressing to ALBUMINURIA of greater than 300 mg/24 h, leading to reduced GLOMERULAR FILTRATION RATE and END-STAGE RENAL DISEASE."
C0011881,"Progressive kidney disorder caused by vascular damage to the glomerular capillaries, in patients with diabetes mellitus. It is usually manifested with nephritic syndrome and glomerulosclerosis."
C0034121,The aperture in the iris through which light passes.
C0034121,"The round, central aperture of the eye, surrounded by the iris, through which light enters."
C0271055,Retinal detachment secondary to retinal tear or break.
C0042345,Enlarged and tortuous VEINS.
C0042345,"A vascular abnormality characterized by the presence of enlarged and tortuous veins, particularly in the legs."
C0016823,internal part of the eyeball
C0016823,"The interior surface of the eye opposite the lens including the retina, optic disc, macula, fovea, and posterior pole."
C0016823,"The concave interior of the eye, consisting of the retina, the choroid, the sclera, the optic disk, and blood vessels, seen by means of the ophthalmoscope. (Cline et al., Dictionary of Visual Science, 4th ed)"
C0342245,"A group of disorders affecting the eye in patients with diabetes mellitus. It includes cataract, glaucoma, retinopathy, and blindness."
C0040408,"A muscular organ in the mouth that is covered with pink tissue called mucosa, tiny bumps called papillae, and thousands of taste buds. The tongue is anchored to the mouth and is vital for chewing, swallowing, and for speech."
C0040408,The muscular organ located in the floor of the mouth and serving as the principal organ of taste and modification of the voice in speech.
C0022077,"The colored disc of the eye composed of connective tissue, epithelium, and endothelium. It separates the anterior chamber from the posterior chamber."
C0022077,"The most anterior portion of the uveal layer, separating the anterior chamber from the posterior. It consists of two layers - the stroma and the pigmented epithelium. Color of the iris depends on the amount of melanin in the stroma on reflection from the pigmented epithelium."
C0013227,"A drug product that contains one or more active and/or inactive ingredients; it is intended to treat, prevent or alleviate the symptoms of disease. This term does not refer to the individual ingredients that make up the product."
C0013227,"Drugs intended for human or veterinary use, presented in their finished dosage form. Included here are materials used in the preparation and/or formulation of the finished dosage form."
C0521707,"Partial or complete opacity of the crystalline lens of both eyes that decreases visual acuity and eventually results in blindness. Some cataracts appear in infancy or in childhood, but most develop in older individuals. (Sternberg Diagnostic Surgical Pathology, 3rd ed.)"
C0029130,nerve that delivers visual information to the brain
C0029130,The second cranial nerve.
C0029130,"The 2nd cranial nerve which conveys visual information from the RETINA to the brain. The nerve carries the axons of the RETINAL GANGLION CELLS which sort at the OPTIC CHIASM and continue via the OPTIC TRACTS to the brain. The largest projection is to the lateral geniculate nuclei; other targets include the SUPERIOR COLLICULI and the SUPRACHIASMATIC NUCLEI. Though known as the second cranial nerve, it is considered part of the CENTRAL NERVOUS SYSTEM."
C0271051,"Accumulation of intraretinal fluid and protein in the macula, which may result in swelling and decreased central vision."
C0271051,"Fluid accumulation in the outer layer of the MACULA LUTEA that results from intraocular or systemic insults. It may develop in a diffuse pattern where the macula appears thickened or it may acquire the characteristic petaloid appearance referred to as cystoid macular edema. Although macular edema may be associated with various underlying conditions, it is most commonly seen following intraocular surgery, venous occlusive disease, DIABETIC RETINOPATHY, and posterior segment inflammatory disease. (From Survey of Ophthalmology 2004; 49(5) 470-90)"
C0024440,Fluid accumulation in the outer layer of the MACULA LUTEA at the center of the RETINA in a petaloid pattern where cystic spaces are formed and may lead to macular depressions or holes.
C0024440,"An accumulation of fluid in the outer plexiform layer, secondary to an increase in permeability of perifoveal retinal capillaries."
C0024441,A hole in the macula of the retina.
C0016536,"The structure on the upper limb, between the elbow and the wrist."
C0016536,Part of the upper extremity in humans and primates extending from the ELBOW to the WRIST.
C0029124,"Atrophy of the optic disk which may be congenital or acquired. This condition indicates a deficiency in the number of nerve fibers which arise in the RETINA and converge to form the OPTIC DISK; OPTIC NERVE; OPTIC CHIASM; and optic tracts. GLAUCOMA; ISCHEMIA; inflammation, a chronic elevation of intracranial pressure, toxins, optic nerve compression, and inherited conditions (see OPTIC ATROPHIES, HEREDITARY) are relatively common causes of this condition."
C0029124,"A disorder characterized by loss of optic nerve fibers. It may be inherited or acquired. Acquired causes include ischemia, optic nerve neuropathy, glaucoma, trauma, radiation, brain tumors, and multiple sclerosis. It leads to vision disturbances."
C0035334,"A rare inherited retinal dystrophy disorder characterized by spots of black bone-spicule pigmentation of the retinal pigment epithelium. It is manifested with decreased vision in low light or in the night, followed by decreased peripheral vision, and, eventual decreased central vision. It may lead to blindness."
C0035334,"Hereditary, progressive degeneration of the retina due to death of ROD PHOTORECEPTORS initially and subsequent death of CONE PHOTORECEPTORS. It is characterized by deposition of pigment in the retina."
C0152132,Retinopathy due to hypertension.
C0152132,Degenerative changes to the RETINA due to HYPERTENSION.
C0023317,"A transparent, biconvex structure of the EYE, enclosed in a capsule and situated behind the IRIS and in front of the vitreous humor (VITREOUS BODY). It is slightly overlapped at its margin by the ciliary processes. Adaptation by the CILIARY BODY is crucial for OCULAR ACCOMMODATION."
C0023317,"A biconvex transparent structure of the eye through which light is focused on the retina. The lens sits behind the iris and is supported by the zonule, which connects it to the ciliary body. The lens is an avascular structure."
C0948441,Partial or total occlusion of a vein. (ACC)
C0948441,Disorder in which veins are partially or completely obstructed or the blood flow through the veins is suboptimal.--2004
C0867389,"A syndrome of immunologically mediated tissue damage that may occur following an allogeneic transplant, and may affect multiple organs with manifestations similar to autoimmune diseases. The onset is usually within three years of transplantation or immunologic manipulation."
C1285162,A disorder characterized by the progressive loss of function and/or structure of the affected tissues.
C0008521,"A non-neoplastic or neoplastic disorder that affects the choroid. Representative examples include choroiditis, hemangioma, and melanoma."
C0008521,"Disorders of the choroid including hereditary choroidal diseases, neoplasms, and other abnormalities of the vascular layer of the uvea."
C0018801,"A heterogeneous condition in which the heart is unable to pump out sufficient blood to meet the metabolic need of the body. Heart failure can be caused by structural defects, functional abnormalities (VENTRICULAR DYSFUNCTION), or a sudden overload beyond its capacity. Chronic heart failure is more common than acute heart failure which results from sudden insult to cardiac function, such as MYOCARDIAL INFARCTION."
C0018801,"Inability of the heart to pump blood at an adequate rate to meet tissue metabolic requirements. Clinical symptoms of heart failure include: unusual dyspnea on light exertion, recurrent dyspnea occurring in the supine position, fluid retention or rales, jugular venous distension, pulmonary edema on physical exam, or pulmonary edema on chest x-ray presumed to be cardiac dysfunction."
C0039485,the lower lateral lobe of either cerebral hemisphere
C0039485,"Lower lateral part of the cerebral hemisphere responsible for auditory, olfactory, and semantic processing. It is located inferior to the lateral fissure and anterior to the OCCIPITAL LOBE."
C0039485,One of the cerebral lobes. It is located inferior to the frontal and parietal lobes and anterior to the occipital lobe.
C0015426,A thin membrane of skin with the purpose of covering and protecting an eye.
C0015426,Each of the upper and lower folds of SKIN which cover the EYE when closed.
C0018939,"A non-neoplastic or neoplastic disorder that arises from the hematopoietic and lymphoid cells. Representative examples include disorders that affect the synthesis of hemoglobin, coagulation disorders, leukemias, and lymphomas."
C0018939,Disorders of the blood and blood forming tissues.
C0028866,Paralysis of the oculomotor nerve.
C0028866,"Diseases of the oculomotor nerve or nucleus that result in weakness or paralysis of the superior rectus, inferior rectus, medial rectus, inferior oblique, or levator palpebrae muscles, or impaired parasympathetic innervation to the pupil. With a complete oculomotor palsy, the eyelid will be paralyzed, the eye will be in an abducted and inferior position, and the pupil will be markedly dilated. Commonly associated conditions include neoplasms, CRANIOCEREBRAL TRAUMA, ischemia (especially in association with DIABETES MELLITUS), and aneurysmal compression. (From Adams et al., Principles of Neurology, 6th ed, p270)"
C0027765,"Diseases of the central and peripheral nervous system. This includes disorders of the brain, spinal cord, cranial nerves, peripheral nerves, nerve roots, autonomic nervous system, neuromuscular junction, and muscle."
C0027765,"A non-neoplastic or neoplastic disorder that affects the brain, spinal cord, or peripheral nerves."
C1116449,The veins within the hepatic lobes that drain blood from the liver sinusoids into the hepatic vein.
C0857112,Increased pressure in both eyeballs due to obstruction of the outflow of aqueous humor.
C0934502,A relatively thin sheetlike expanse or region lying over or under another.
C0023316,A partial dislocation of the lens of the eye.
C0023316,"Incomplete rupture of the zonule with the displaced lens remaining behind the pupil. In dislocation, or complete rupture, the lens is displaced forward into the anterior chamber or backward into the vitreous body. When congenital, this condition is known as ECTOPIA LENTIS."
C0229226,The center of the dorsal portion of the ocular lens.
C0003483,"The major arterial trunk that carries oxygenated blood from the left ventricle into the ascending aorta behind the heart, the aortic arch, through the thorax as the descending aorta and through the abdomen as the abdominal aorta; it bifurcates into the left and right common iliac arteries."
C0003483,The main trunk of the systemic arteries.
C0006123,An occlusion of a branch of the retinal artery.
C0815275,Denoting the area below a cortex.
C0028863,"A group of extrinsic muscles that are responsible for moving the eye and lifting the eyelid. These include: superior rectus, inferior rectus, medial rectus, inferior oblique, and levator palpebrae superioris, all innervated by CN III (oculomotor nerve), superior oblique, innervated by CN IV (trochlear nerve), lateral rectus, innervated by CN VI (abducens nerve)."
C0028863,"The muscles that move the eye. Included in this group are the medial rectus, lateral rectus, superior rectus, inferior rectus, inferior oblique, superior oblique, musculus orbitalis, and levator palpebrae superioris."
C1519082,"Tissue consisting of one or more layers of epithelial cells and a basement membrane. The cells contain granules of pigment or melanin, as in the retinal or iris pigment layer."
C0007785,"An ischemic condition of the brain, producing a persistent focal neurological deficit in the area of distribution of the cerebral arteries."
C0007785,"The formation of an area of NECROSIS in the CEREBRUM caused by an insufficiency of arterial or venous blood flow. Infarcts of the cerebrum are generally classified by hemisphere (i.e., left vs. right), lobe (e.g., frontal lobe infarction), arterial distribution (e.g., INFARCTION, ANTERIOR CEREBRAL ARTERY), and etiology (e.g., embolic infarction)."
C0035302,"Sudden ISCHEMIA in the RETINA due to blocked blood flow through the CENTRAL RETINAL ARTERY or its branches leading to sudden complete or partial loss of vision, respectively, in the eye."
C0035302,An occlusion of the retinal artery.
C0042520,"The part of the microvasculature that receives blood from the capillaries, and which then converges to form veins."
C0042520,The minute vessels that collect blood from the capillary plexuses and join together to form veins.
C0006087,The continuation of the axillary artery; it branches into the radial and ulnar arteries.
C0006087,An artery originating at the axillary artery and branching into the radial and ulnar arteries.
C5399960,a kind of cancer treatment drug
C5399960,"A monoclonal antibody directed against human Vascular Endothelial Growth Factor (VEGF), a protein that stimulates angiogenesis, and prevents VEGF from binding to its receptors, causing inhibition of angiogenesis. (NCI)"
C5399960,"A recombinant humanized monoclonal antibody directed against the vascular endothelial growth factor (VEGF), a pro-angiogenic cytokine. Bevacizumab binds to VEGF and inhibits VEGF receptor binding, thereby preventing the growth and maintenance of tumor blood vessels."
C2702456,"An intravitreal implant containing the corticosteroid dexamethasone embedded in a biodegradable polymer matrix, with anti-inflammatory and macular edema relieving activity. Upon insertion into the vitreous cavity, dexamethasone intravitreal implant is dissolved slowly and dexamethasone is released over an extended period of time. Dexamethasone inhibits inflammation thereby preventing leakage from the capillaries and a reduction of retinal edema. This may ultimately prevent vision impairment."
C2880887,Evidence of hypertensive retinopathy that is bilateral.
C0035078,"A severe irreversible decline in the ability of kidneys to remove wastes, concentrate URINE, and maintain ELECTROLYTE BALANCE; BLOOD PRESSURE; and CALCIUM metabolism."
C0035078,An acute or chronic condition that is characterized by the inability of the kidneys to adequately filter the blood.
C0848548,Kidney damage that results from chronically elevated blood pressure; complications include glomerular damage resulting in proteinuria and hematuria.
C0007789,birth injury of the brain nerve that controls body movement
C0007789,"A group of disorders affecting the development of movement and posture, often accompanied by disturbances of sensation, perception, cognition, and behavior. It results from damage to the fetal or infant brain."
C0007789,"A heterogeneous group of nonprogressive motor disorders caused by chronic brain injuries that originate in the prenatal period, perinatal period, or first few years of life. The four major subtypes are spastic, athetoid, ataxic, and mixed cerebral palsy, with spastic forms being the most common. The motor disorder may range from difficulties with fine motor control to severe spasticity (see MUSCLE SPASTICITY) in all limbs. Spastic diplegia (Little disease) is the most common subtype, and is characterized by spasticity that is more prominent in the legs than in the arms. Pathologically, this condition may be associated with LEUKOMALACIA, PERIVENTRICULAR. (From Dev Med Child Neurol 1998 Aug;40(8):520-7)"
C1517082,One of two portions (anterior or posterior) of the eye.
C0085282,"Classical loci in ACUPUNCTURE. They are main and collateral channels, regarded as a network of passages, through which vital energy (Qi) circulates and along which acupoints (ACUPUNCTURE POINTS) are distributed. The meridians are a series of 14 lines upon which more than 400 acupoints are located on the body. (The Pinyin Chinese-English Dictionary, p. 359; Dr. Wu Lancheng, Academy of Traditional Chinese Medicine, Beijing)"
C0085282,"A concept in Chinese medicine that holds that the pathways through which qi (""life force"") flows are located throughout the body bilaterally, and exist beneath the surface of the skin."
C0162857,"The direct continuation of the brachial trunk, originating at the bifurcation of the brachial artery opposite the neck of the radius. Its branches may be divided into three groups corresponding to the three regions in which the vessel is situated, the forearm, wrist, and hand."
C0162857,The branch of the brachial artery that passes down the forearm.
C1705057,"The non-peritonealised bare area of rectum, comprising anterior and posterior segments, when submitted as a surgical specimen resulting from excision of cancer of the rectum."
C0271093,"A juvenile-onset macular dystrophy characterized by progressive loss of VISUAL ACUITY with normal acuity in peripheral VISUAL FIELDS. Other associated clinical features may include LIPOFUSCIN fundus autofluorescence, atrophy of the RETINAL PIGMENT EPITHELIUM, loss of color vision, PHOTOPHOBIA and PARACENTRAL SCOTOMA. Germline mutations in the ABCA4 gene have been identified in recessive and dominant diseases."
C0271093,An autosomal recessive and rarely autosomal dominant inherited disorder caused by mutations in the ABCA4 or ELOVL4 genes respectively. It is characterized by macular degeneration that begins in late childhood resulting in progressive loss of vision.
C0017605,"The sudden increase of intraocular pressure, resulting in pain and an abrupt decrease in visual acuity."
C0017605,A form of glaucoma in which the intraocular pressure increases because the angle of the anterior chamber is blocked and the aqueous humor cannot drain from the anterior chamber.
C0152208,Vertical strabismus in which there is permanent downward deviation of the visual axis of one eye.
C0238309,Neuropathy that is caused by inadequate blood supply.
C0500464,A segment of a blood vessel that is part of the venous system.
C0017612,Glaucoma in which the angle of the anterior chamber is open and the trabecular meshwork does not encroach on the base of the iris.
C0017612,Chronic outflow obstruction of the eye's drainage canals that can lead to increased internal eye pressure and optic nerve damage.
C0003847,"A small, terminal branch in the arterial system. Arterioles often connect to capillaries."
C0003847,The smallest divisions of the arteries located between the muscular arteries and the capillaries.
C0224498,Crescent-shaped cartilaginous tissue interposed between two articulating bones.
C0224498,"A crescent-shaped wedge of cartilaginous material that serves as a cushion in the knee, between the tuberosities of the femur and the tibia. There are two locations, the medial meniscus located on the inner aspect of the knee and the lateral which is located on the outer aspect."
C1290884,"An infectious or non infectious disorder characterized by signs and symptoms derived from focal or extensive tissue infiltration by acute (e.g., polymorphonuclear) or chronic (e.g., lymphocytic-plasmacytic) inflammatory cells. Representative examples of infectious disorders include viral infections, bacterial infections, and parasitic infections. Representative examples of non-infectious inflammatory disorders include inflammatory bowel disease and inflammatory polyps."
C1516384,A branch off of the terminal section of the middle cerebral artery running through the cortex on both sides of the central sulcus.
C0042373,"A non-neoplastic or neoplastic disorder affecting the arteries, veins, or lymphatic vessels. Examples include vasculitis, thrombophlebitis, arteriosclerosis, lymphedema, hemangioma, and angiosarcoma."
C0042373,Pathological processes involving any of the BLOOD VESSELS in the cardiac or peripheral circulation. They include diseases of ARTERIES; VEINS; and rest of the vasculature system in the body.
C0235480,A disorder characterized by an electrocardiographic finding of episodic atrial fibrillation with abrupt onset and termination.
C0036410,"The white, opaque, fibrous, outer tunic of the eyeball, covering it entirely excepting the segment covered anteriorly by the cornea. It is essentially avascular but contains apertures for vessels, lymphatics, and nerves. It receives the tendons of insertion of the extraocular muscles and at the corneoscleral junction contains the canal of Schlemm. (From Cline et al., Dictionary of Visual Science, 4th ed)"
C0036410,"The white, opaque, fibrous, outer tunic of the eyeball, covering it entirely excepting the segment covered anteriorly by the cornea. It is essentially avascular but contains apertures for vessels, lymphatics, and nerves. It receives the tendons of insertion of the extraocular muscles and at the corneoscleral junction contains the CANAL OF SCHLEMM. (From Cline et al., Dictionary of Visual Science, 4th ed)"
C0042160,"The pigmented layer of the eyeball between the tough, white outer coat of the eye and the retina."
C0042160,"The pigmented vascular coat of the eyeball, consisting of the CHOROID; CILIARY BODY; and IRIS, which are continuous with each other. (Cline et al., Dictionary of Visual Science, 4th ed)"
C0017067,Clusters of multipolar neurons surrounded by a capsule of loosely organized CONNECTIVE TISSUE located outside the CENTRAL NERVOUS SYSTEM.
C0017067,A cluster of nervous tissue principally composed of neuronal cell bodies external to the central nervous system (CNS).
C0003151,"The space in the eye, filled with aqueous humor, bounded anteriorly by the cornea and a small portion of the sclera and posteriorly by a small portion of the ciliary body, the iris, and that part of the crystalline lens which presents through the pupil. (Cline et al., Dictionary of Visual Science, 4th ed, p109)"
C0003151,"The space in the eye, filled with aqueous humor, bounded anteriorly by the cornea and a small portion of the sclera and posteriorly by a small portion of the ciliary body, the iris, and that part of the crystalline lens which presents through the pupil. (Cline et al., Dictionary of Visual Science, 4th ed, p109)"
C1708516,The medial corner of the eye where the upper and lower eyelids join.
C0037303,"The bones that form the head, made up of the bones of the braincase and face."
C0037303,The SKELETON of the HEAD including the FACIAL BONES and the bones enclosing the BRAIN.
C0155111,Keratopathy that is characterized by the presence of epithelial bullae.
C0018799,"A non-neoplastic or neoplastic disorder that affects the heart and/or the pericardium. Representative examples include endocarditis, pericarditis, atrial myxoma, cardiac myeloid sarcoma, and pericardial malignant mesothelioma."
C0018799,Pathological conditions involving the HEART including its structural and functional abnormalities.
C0600518,A pathological process consisting of the formation of new blood vessels in the CHOROID.
C1504336,A CHOROID neovascularization characterized by serosanguineous retinal pigment epithelial detachment and leakage of serous exudate sometimes associated with aneurysmal polypoidal lesions.
C0339543,"A membrane on the vitreal surface of the retina resulting from the proliferation of one or more of three retinal elements: (1) fibrous astrocytes; (2) fibrocytes; and (3) RETINAL PIGMENT EPITHELIUM. Localized epiretinal membranes may occur at the posterior pole of the eye without clinical signs or may cause marked loss of vision as a result of covering, distorting, or detaching the FOVEA CENTRALIS. Epiretinal membranes may cause vascular leakage and secondary retinal edema. In younger individuals some membranes appear to be developmental in origin and occur in otherwise normal eyes. The majority occur in association with RETINAL HOLES, ocular concussions, retinal inflammation, or after ocular surgery. (Newell, Ophthalmology: Principles and Concepts, 7th ed, p291)"
C0339543,"Wrinkling or bulging of contracted scar tissue that has formed on retinal surface secondary to retinal injury, inflammation, blood vessel occlusion, or vitreous detachment."
C0154830,"Advanced retinopathy due to diabetes mellitus characterized by the formation of new vessels in the retina. The new vessels are abnormal and fragile. If hemorrhage occurs due to the vascular fragility, there is increased risk of vision loss or blindness."
C0154830,the eye problem in the people with diabetes mellitus that causes loss of vision
C0017601,Increased pressure in the eyeball due to obstruction of the outflow of aqueous humor.
C0017601,"An ocular disease, occurring in many forms, having as its primary characteristics an unstable or a sustained increase in the intraocular pressure which the eye cannot withstand without damage to its structure or impairment of its function. The consequences of the increased pressure may be manifested in a variety of symptoms, depending upon type and severity, such as excavation of the optic disk, hardness of the eyeball, corneal anesthesia, reduced visual acuity, seeing of colored halos around lights, disturbed dark adaptation, visual field defects, and headaches. (Dictionary of Visual Science, 4th ed)"
C0042164,"Inflammation of part or all of the uvea, the middle (vascular) tunic of the eye, and commonly involving the other tunics (sclera and cornea, and the retina). (Dorland, 27th ed)"
C0042164,"An inflammatory process affecting a part of or the entire uvea. Causes include inflammatory agents (e.g., herpes simplex, herpes zoster, leptospirosis) and systemic diseases (e.g., inflammatory bowel disease, multiple sclerosis, systemic lupus erythematosus, ankylosing spondylitis). Patients present with pain and redness in the eye, light sensitivity, and blurred and decreased vision."
C0042164,an inflammation of the uvea (middle part of the eye)
C0022568,Inflammation of the cornea.
C0022568,inflammation of the cornea
C0022568,Inflammation of the cornea.
C0010043,Area of epithelial tissue loss from corneal surface; associated with inflammatory cells in the cornea and anterior chamber.
C0010043,"Loss of epithelial tissue from the surface of the cornea due to progressive erosion and necrosis of the tissue; usually caused by bacterial, fungal, or viral infection."
C0013238,"Corneal and conjunctival dryness due to deficient tear production, predominantly in menopausal and post-menopausal women. Filamentary keratitis or erosion of the conjunctival and corneal epithelium may be caused by these disorders. Sensation of the presence of a foreign body in the eye and burning of the eyes may occur."
C0013238,A syndrome characterized by dryness of the cornea and conjunctiva. It is usually caused by a deficiency in tear production. Symptoms include a feeling of burning eyes and a possible foreign body presence in the eye.
C3887709,Disorder of the optic nerve.
C0030353,"Swelling of the OPTIC DISK, usually in association with increased intracranial pressure, characterized by hyperemia, blurring of the disk margins, microhemorrhages, blind spot enlargement, and engorgement of retinal veins. Chronic papilledema may cause OPTIC ATROPHY and visual loss. (Miller et al., Clinical Neuro-Ophthalmology, 4th ed, p175)"
C0030353,"Swelling around the optic disc, usually due to increased intracranial pressure or pressure on the optic nerve by a tumor."
